,Company Name,Description,Employees,Type,Location,Followers
0,Data Analytics company,Connecting the world's professionals to make them more productive and successful.,2-10,Business Intelligence Platforms,"New Delhi, Delhi",173
1,Data Science Central,"Industry's leading online resource and community for data practitioners, covering Machine Learning, AI, Data Science.",2-10,Book and Periodical Publishing,"Issaquah, WA",274K
2,data.world,The Enterprise Data Catalog Platform,51-200,Software Development,"Austin, Texas",20K
3,Data BI LLC,From building a custom dashboard to setting up data analytics in your organization from scratch. we handle your data.,2-10,Data Infrastructure and Analytics,"Sheridan, Wyoming",7K
4,Data Dynamics,Embedding Trust & Democracy in enterprise data management with ZUBIN - AI-powered self-service data management software.,51-200,Software Development,"Upper Saddle River, New Jersey",7K
5,"Data Analytics Ventures, Inc.","An affiliate of JG Summit Holdings,Inc., DAVI provides data products and solutions that impact the future of business.",51-200,IT Services and IT Consulting,"Pasig City, NCR",4K
6,Analytics Saves at Work,We make data work for you,11-50,"Technology, Information and Internet","Bengaluru, Karnataka",41K
7,Data Semantics,Better Insights Smarter Decisions,201-500,Information Technology & Services,Dubai,28K
8,Data Template,Technology | Value,201-500,IT Services and IT Consulting,"Bangalore, Karnataka",12K
9,Data Science as a Service (DSaaS),info@actionx.com.au,2-10,IT Services and IT Consulting,"Macquarie Park, NSW",2K
10,Data Culture,Data Culture helps organizations to solve problems using data and build lasting data culture. Join our community!,11-50,Business Consulting and Services,"New York, NY",3K
11,Data Pilot,Helping businesses put data to work. üí°,11-50,IT Services and IT Consulting,"Lahore, Punjab",10K
12,Data Talks,More Supporters. Superior Sales. Real Revenue.,11-50,Software Development,Stockholm,6K
13,Data Gyan,Data Gyan is No.1Data Science & Data Analytics Training institute in India by Placement Record!,2-10,Education Administration Programs,"Bengaluru, Karnataka",5K
14,The Data Shed,"It‚Äôs our mission to demystify the world of data and level the playing field, so everyone can play.",51-200,IT Services and IT Consulting,Leeds,6K
15,The Data Labs,We take your data and help you reduce costs and increase profits. #DataEngineering #DataScience #DataInfra #DataCloud,201-500,IT Services and IT Consulting,"Bangalore, Karnataka",4K
16,Data Reply UK,Data&Analytics @Scale | AI | Strategy | Innovation | From embryonic ideas to enterprise solutions,11-50,IT Services and IT Consulting,"London, London",4K
17,Data Masters,Be the Master of your Data!,11-50,IT Services and IT Consulting,"Skopje, Skopje",5K
18,Data Science Internship,"Data is Power, Information is Wealth!",,Data Infrastructure and Analytics,Pune,4K
19,Data Analytics,Helping companies with digital transformation!,2-10,Information Technology & Services,"Boulder, Colorado",19K
20,X-Byte Analytics - Data Analytics Company,Transforming Businesses with Data Analytics Services & Solutions,201-500,Data Infrastructure and Analytics,"Atlanta , GA",726
21,Data POEM,Connected Intelligence Platform powered by Causal AI for data-driven decision making.,51-200,Advertising Services,"Santa Clara, California",21K
22,Analytics Drift,Deciphering Technology,11-50,Internet News,"Bengaluru, Karnataka",17K
23,Data Capture Experts,Advancing Connected Healthcare with DC2Vue,51-200,Software Development,"Melbourne, VIC",15K
24,Data Science Talent,,11-50,Staffing and Recruiting,"Stone, England",24K
25,Data Labs - LANDMARK GROUP,RETAIL ANALYTICS,,Retail,"Bangalore, Karnataka",12K
26,Data Science UA,We implement AI solutions | AI consulting | Open AI R&D centers worldwide | IT recruitment worldwide,51-200,IT Services and IT Consulting,"London, England",5K
27,Data Software Pvt Ltd (DSPL),Empowering Data-driven Innovations: Unlocking the Potential of Data with Powered By DSPL,201-500,IT System Custom Software Development,"Bengaluru, karnataka India",5K
28,Daten|Clinical Data Analytics company,ÿØÿßÿØŸáÿå ÿ™ÿ≠ŸÑ€åŸÑÿå ŸÜÿ∏ÿßÿ±ÿ™,2-10,Data Infrastructure and Analytics,"Tehran, Tehran",772
29,Unisys,,,IT Services and IT Consulting,"Blue Bell, Pennsylvania",607K
30,WNS,,,Business Consulting and Services,New York,1
31,Devon Energy,Devon Energy is a leading oil and gas producer in the U.S. with a premier multi-basin portfolio. NYSE: DVN,1K-5K,Oil and Gas,"Oklahoma City, Oklahoma",273K
32,Experian,Powering Opportunities,,Information Services,"Costa Mesa, CA",1
33,Sutherland,We are a leading global business and digital transformation partner. We work with iconic brands worldwide.,,IT Services and IT Consulting,"Pittsford (Rochester), NY",841K
34,GroupM,,,Advertising Services,New York,613K
35,Citrix,"A Business Unit of Cloud Software Group. Empowering companies to deploy secure, remote apps & desktops at any scale.",5K-10K,Software Development,"Fort Lauderdale, FL",560K
36,Carnival Cruise Line,,,Travel Arrangements,"Miami, Florida",532K
37,ABB,Helping industries outrun with our leading technologies in electrification and automation. go.abb/outrun,,Automation Machinery Manufacturing,"Zurich, ZH",4
38,Domino's,The Worldwide Leader in Pizza Delivery,,Restaurants,"Ann Arbor, MI",436K
39,FICO,FICO is an analytics company helping businesses make better decisions that drive higher levels of growth and success.,1K-5K,Software Development,"Bozeman, Montana",430K
40,TD SYNNEX North America,,,IT Services and IT Consulting,"Clearwater, Florida",258K
41,Mu Sigma Inc.,Do The Math,1K-5K,Business Consulting and Services,"Northbrook, IL",203K
42,Equifax,,,Financial Services,"Atlanta, GA",230K
43,McGraw Hill,Find your path to what‚Äôs possible.,1K-5K,Education Administration Programs,"New York, NY",330K
44,Starcom,,5K-10K,Advertising Services,"Chicago, IL",267K
45,ManTech,Securing the Future,5K-10K,IT Services and IT Consulting,"Herndon, Virginia",161K
46,Harte Hanks,We are The Customer Company.,1K-5K,Advertising Services,"Chelmsford, MA",80K
47,Acxiom,Marketing Made Better,1K-5K,Advertising Services,"Conway, Arkansas",67K
48,Quad,,,Advertising Services,"Sussex, Wisconsin",67K
49,R Systems,"R Systems is a global leader in technology, data & AI/analytics services, delivering AI-driven solutions for clients.",1K-5K,IT Services and IT Consulting,"El Dorado Hills, California",142K
50,IPsoft,Decision AI - Meet Compliance with Model Transparency to Deliver Business Outcomes,51-200,IT Services and IT Consulting,"New York, NY",154K
51,Project One,We are now Eliassen Group.,1K-5K,Staffing and Recruiting,"Reading, Massachusetts",66K
52,SAP BusinessObjects,,,Software Development,"Newtown Square, Pennsylvania",28K
53,"Oranks Infotech - ORM, SEO, Web Development and Data Analytics Company in India","The Science of Online Image Management | Award Winning Agency SEO, ORM Company in Delhi, India.",11-50,Advertising Services,"noida, uttar Pradesh",335
54,Horizon Media,Business is Personal,1K-5K,Advertising Services,"New York, New York",125K
55,Docusign,Bringing Agreements to Life,5K-10K,Software Development,"San Francisco, CA",490K
56,GE HealthCare,,,Hospitals and Health Care,Chicago,2
57,IQVIA,Accelerate innovation for a healthier world.,,Hospitals and Health Care,"Durham, North Carolina",2
58,Carat,Designing for People.,5K-10K,Advertising Services,"London, England",196K
59,Zimmer Biomet,Moving You Forward.,,Medical Equipment Manufacturing,"Warsaw, Indiana",480K
60,3i Infotech Ltd.,,5K-10K,IT Services and IT Consulting,"Navi Mumbai, Maharashtra",324K
61,Randstad Digital Americas,your talent-first digital enablement partner,,IT Services and IT Consulting,"Atlanta, GA",185K
62,TIVIT,Conectando tecnologia para um mundo melhor. üöÄ,5K-10K,IT Services and IT Consulting,S√£o Paulo,437K
63,Atos,Advancing what matters,,IT Services and IT Consulting,95877 Bezons,2
64,eClerx,"Innovation partner of choice for technology, data analytics, and process management services.",,Information Technology & Services,"Mumbai, Maharashtra",350K
65,Datacom,Customer focused values. World-class capability.,5K-10K,IT Services and IT Consulting,"Auckland, Auckland",225K
66,IGT Solutions,Enabling Better Experience,,IT Services and IT Consulting,"Gurugram, Haryana",936K
67,Mosaic North America,We build brands in dimension. Nous b√¢tissons des marques multidimensionnelles.,5K-10K,Advertising Services,"Chicago, Illinois",181K
68,Ciklum,We develop Digital Solutions for Fortune 500 and fast-growing organisations alike around the world.,1K-5K,IT Services and IT Consulting,"London, England",150K
69,Trimble Inc.,Trimble technology is transforming critical industries to power an interconnected world of work.,,Software Development,"Westminster, CO",281K
70,Nielsen,Powering a better media future for all people,,Software Development,"New York, NY",1
71,HP Autonomy,,,Software Development,"Cambridge, Cambridgeshire",23K
72,iProspect,Brands Accelerated,5K-10K,Advertising Services,London,203K
73,CRISIL Limited,"CRISIL is a leading, agile & innovative global analytics company driven by its mission of making markets function better",1K-5K,Financial Services,"Mumbai, Maharashtra",584K
74,Dodge Data & Analytics,"Fuel your company's growth with leading commercial construction project data, market forecasting & analytic services.",501-1K,"Technology, Information and Internet","Hamilton Township, New Jersey",23K
75,Radford Data & Analytics,Compensation insights for the world's most innovative companies.,,Human Resources Services,"San Jose, CA",7K
76,McLagan Data & Analytics,Compensation insights for the world‚Äôs leading financial services companies.,,Human Resources Services,"Stamford, CT",6K
77,Absolutdata Analytics-an Infogain company,,201-500,IT Services and IT Consulting,"Alameda, CA",74K
78,SG Analytics,Harnessing Data with Purpose,1K-5K,Business Consulting and Services,"New York, New York",169K
79,"NGA Human Resources, an Alight company",Innovating HR and payroll for today and tomorrow,1K-5K,Human Resources Services,"London, England",141K
80,EOS DATA ANALYTICS,EOS Data Analytics: a global provider of AI-powered satellite imagery analytics,201-500,Software Development,"Mountain View, California",8K
81,Seattle Data Guy,,2-10,IT Services and IT Consulting,"Seattle, WA",47K
82,Health Data Analytics Institute (HDAI),Transform patient care with predictive analytics,51-200,Hospitals and Health Care,"Dedham, Massachusetts",5K
83,Saras Analytics,Unified Data Platform for Global Commerce,201-500,Data Infrastructure and Analytics,"Westborough, Massachusetts",31K
84,The Modern Data Company,DataOS: The Data Products Platform,201-500,Software Development,"Palo Alto, California",6K
85,Logi Analytics - insightsoftware,,51-200,Software Development,"McLean, VA",20K
86,Global Analytics India Pvt Ltd.,,201-500,Financial Services,"San Diego, California",17K
87,TEG Analytics,Industries:- Healthcare & CPG | Products:- healthworksai.com + intellmix.com,51-200,Business Consulting and Services,"Westport, Connecticut",14K
88,Neal Analytics,"Accelerating data-driven business transformation with proven edge-to-cloud, engineering, and AI expertise.",201-500,IT Services and IT Consulting,"Bellevue, Washington",15K
89,"Revenue Analytics, Inc.",We make software to solve complex pricing challenges.,51-200,Software Development,"Atlanta, Georgia",14K
90,CLARA Analytics,Proven AI Platform for Casualty Insurance Claims,51-200,Insurance,"Santa Clara, CA",10K
91,Kline + Company,"Provider of Unique Data, Expert Insights, and Custom Solutions.",201-500,Business Consulting and Services,"Parsippany, NJ",72K
92,COREBI Data & Analytics,#somoscorebi #tecnol√≥gicamenteagn√≥sticos,201-500,IT Services and IT Consulting,"Buenos Aires, Ciudad aut√≥noma de Buenos Aires",34K
93,EllisDon,"Construction, redefined.",1K-5K,Construction,"London, ON",188K
94,Finlay James,Renowned for bringing visions to life. Click to learn more.,11-50,Staffing and Recruiting,Manchester,258K
95,Engineering Group,,,IT Services and IT Consulting,"Roma, Lazio",150K
96,StarHub,,1K-5K,Telecommunications,Singapore,61K
97,COSO IT - A Big Data & AI Company,"Cloud, Big Data, and Artificial Intelligence",2-10,Software Development,"Gaithersburg, Maryland",62K
98,Clockworks Analytics,"Empowering facilities teams with fault detection and diagnostics to run better, smarter buildings.",11-50,Software Development,Facility Management Software,1703
99,Capitalize Analytics,"We help organizations automate processes, and analyze data with Alteryx, UiPath, Tableau, Snowflake, and more!",51-200,Software Development,"Dallas, Texas",8K
100,HRM Search Partners,,11-50,Staffing and Recruiting,"Dublin, County Dublin",47K
101,DAT Freight & Analytics,Taking the uncertainty out of freight,501-1K,Truck Transportation,"Beaverton, OR",156K
102,Boeing Intelligence & Analytics,Integrating products and people to keep our customers ahead of the global challenges.,201-500,Defense and Space Manufacturing,"Annapolis Junction, MD",16K
103,"SPH Analytics, a Press Ganey Solution",Listen. Analyze. Improve.,501-1K,Hospitals and Health Care,"Alpharetta, GA",12K
104,Focal Point Data Risk (A CDW Company),,201-500,IT Services and IT Consulting,"Tampa, FL",5K
105,Kearney & Company,Your First Easy Decision,501-1K,Accounting,"Alexandria, VA",11K
106,REIDIN - Data Analytics,We Turn Data Into Decision,11-50,Data Infrastructure and Analytics,"Dubai, Dubai",14K
107,The Lukens Company,Data-driven marketing strategies crafted with TLC,51-200,Advertising Services,"Arlington, VA",13K
108,"Blinkfire Analytics, Inc.","AI-Based Sponsorship Optimization for Sports, Entertainment, and Influencers across Social Media and Broadcast",51-200,"Technology, Information and Media","Chicago, IL",6K
109,"Visvero | Analytics, That's IT!","Transform Your Business with Expert Analytics / Data Virtualization, RPA, BI, and AI/ML Solutions",51-200,Information Technology & Services,"Washington, PA",6K
110,"Neudesic, an IBM Company","Neudesic guides clients through the intricacies of their AI journey, while ensuring the fastest path to results.",1K-5K,IT Services and IT Consulting,"Irvine, CA",117K
111,SIGMA Data Insights,Transforming Business | Through Data,201-500,Advertising Services,"St Petersburg, Florida",6K
112,Demandbase,"Follow Demandbase for the latest news, updates and B2B go-to-market insights.",501-1K,Software Development,"San Francisco, CA",66K
113,Fuld & Company,Delivering Competitive Advantage,51-200,Business Consulting and Services,"Boston, MA",9K
114,Perceptive Analytics,,11-50,Business Consulting and Services,"New York, NY",5K
115,"Saggezza, an Apexon company",,501-1K,IT Services and IT Consulting,"Santa Clara, California",55K
116,M3BI - A Zensar Company,,501-1K,Information Technology & Services,"Scottsdale, AZ",40K
117,Info Way Solutions,Bridging Talent with Technology,201-500,IT Services and IT Consulting,"Fremont, California",67K
118,KiE Square Analytics,Knowledge | Innovation | Entrepreneurship,51-200,Data Infrastructure and Analytics,"New York City, New York",10K
119,"SADA, An Insight company",,501-1K,IT Services and IT Consulting,"Los Angeles, California",30K
120,The Hiring Advisors,"Executive Search, Talent Advisory and Recruitment Firm",2-10,Staffing and Recruiting,"Hermosa Beach, CA",39K
121,OptiSol Business Solutions,Trusted digital transformation partner of global enterprises. 14+ years of joyful journey with 450+ employees.,201-500,IT Services and IT Consulting,"Sacramento, California",37K
122,"Finicity, a Mastercard Company",Smarter data to build better experiences,501-1K,Financial Services,"Murray, Utah",32K
123,Travancore Analytics,Innovation Beyond Digital | Software Services Tailored to your Needs | Industrial Training Solutions and XR Innovations,201-500,Software Development,"Pleasanton, California",7K
124,"PatientPop, a Tebra company",PatientPop and Kareo are now Tebra. The digital backbone for a new era of practice well-being.,501-1K,"Technology, Information and Internet","Corona del Mar, California",30K
125,Alliant - The Audience Company,Audiences that optimize marketing profitability in any channel.,51-200,Advertising Services,"Brewster, NY",16K
126,"Kareo, a Tebra company",,501-1K,Software Development,"Corona del Mar, California",27K
127,"Drizly, an Uber Company",We're here to help people savor life's moments.,201-500,Food and Beverage Services,"Boston, Massachusetts",30K
128,Srijan- A Material+ Company,Modernizing your digital systems,501-1K,IT Services and IT Consulting,"Manasquan, New Jersey",25K
129,Modis,,,IT Services and IT Consulting,"Zurich, Zurich",1
130,"Travel Leaders Corporate, LLC","You matter, your travel shouldn't",1K-5K,"Leisure, Travel & Tourism","New York, New York",31K
131,"Standav Corp, a Brillio Company",CRM|CPQ|CLMSolutions - Acquired by Brillio: https://www.businesswire.com/news/home/20211110005322/en/Brillio-Acquires,201-500,IT Services and IT Consulting,"Sunnyvale, California",33K
132,Method Data Science,"Full-stack Data Scientists and Inventors-For-Hire. We invent, build, and protect novel data science solutions.",2-10,Software Development,"Irvine, CA",5K
133,"SparkPost, a MessageBird company",The #emailgeeks most trusted email optimization platform.,201-500,Software Development,"Columbia, Maryland",21K
134,Flurry Analytics,Trust the most adopted mobile app analytics solution.,,Advertising Services,"San Francisco, CA",7K
135,"Sira Consulting, an Inc 5000 company",Modern Consulting Firm Committed to Providing IT Services to Accelerate Your Digital Transformation Needs,201-500,IT Services and IT Consulting,"Houston, TEXAS",47K
136,Pernod Analytics LLC,Leaders in Data Science and Advanced Analytic Search,2-10,Staffing and Recruiting,"Riverdale, NY",5K
137,Aptus Data Labs,An innovative data and AI company builds enterprise AI solutions.,51-200,IT Services and IT Consulting,"Bangalore, Karnataka",22K
138,SSA & Company,We partner differently. We solve today‚Äôs toughest business problems with you.,51-200,Business Consulting and Services,"New York, NY",6K
139,OP360 (OfficePartners360),A better way to outsource.,1K-5K,Outsourcing and Offshoring Consulting,"Ridgefield, CT",15K
140,"Datorama, a Salesforce Company",,501-1K,Software Development,New York,19K
141,"Visual BI Solutions, an Atos Company",,201-500,IT Services and IT Consulting,"Plano, Texas",32K
142,Ducen - an Orion Innovation Company,Agility at Scale,201-500,IT Services and IT Consulting,"Boca Raton, Florida",23K
143,BGFi - Data & Analytics,,51-200,IT Services and IT Consulting,"Paris, √éle-de-France",7K
144,W2S Solutions - IT Consulting Company,"Leading Digital Transformation Company offering Cloud, Data Analytics & Software Development Solutions for clientele.",51-200,Information Technology & Services,"Austin, Texas",21K
145,Appsian (a Pathlock company),Now part of Pathlock. Delivering unrivaled Access Governance & Application Security Across the Enterprise.,201-500,Data Security Software Products,"Dallas, Texas",17K
146,Insights by Kantar,Shape your brand future,,Market Research,London,397K
147,"MapR Technologies, acquired by Hewlett Packard Enterprise company in 2019",,,Information Technology & Services,"Houston, Texas",29K
148,Arkon Data,We provide efficient strategies and a robust platform to guide organizations to reach optimal decision-making.,51-200,Data Infrastructure and Analytics,"Miami, Florida",4K
149,"EDI Staffing, an EDI Specialists Company",Connecting talented people with great organizations.,11-50,Staffing and Recruiting,"Raynham, MA",23K
150,"Newcomp Analytics, A Converge Company","No matter where you are in your analytics journey, we‚Äôll guide you the rest of the way.",51-200,IT Services and IT Consulting,"Toronto, Ontario",17K
151,Mastech Digital,,1K-5K,IT Services and IT Consulting,"Moon Township, PA",460K
152,"NextGen Invent, an INC.5000 company",Think. Invent. Solve.,51-200,IT Services and IT Consulting,"Syosset, New York",19K
153,"Maven Wave, an Eviden Company",Innovation-Driven Digital Transformation,501-1K,IT Services and IT Consulting,"Chicago, Illinois",17K
154,Tredence Inc.,Enablers of Last Mile Adoption of Data Science,1K-5K,Business Consulting and Services,"San Jose, California",320K
155,SwiftWIN | A Concord Company,Accelerating retail transformation and breathing new life into the customer experience.,201-500,Information Technology & Services,"Charlotte, North Carolina",52K
156,Swrve (a MessageGears company),Helping brands connect with their audiences with unmatched real-time relevance. Now a @MessageGears company.,51-200,Software Development,"Atlanta, Georgia",14K
157,STAND 8 Technology Services,"We solve business challenges with our focus on people, process, and technology.",201-500,IT Services and IT Consulting,"Seal Beach, California",227K
158,Elastic,Elastic brings together the precision of search and the intelligence of AI to accelerate results that matter.,1K-5K,Software Development,"San Francisco, California",443K
159,"Dunn Solutions, a KaarTech Company",Dunn Solutions is a digital commerce and business transformation consultancy that brings Velocity to our clients!,1K-5K,Information Technology & Services,"Chicago, IL",16K
160,Sryas - an Orion Innovation Company,Agility at Scale,501-1K,Information Technology & Services,"Boca Raton, Florida",16K
161,Quantiphi,"Pioneering AI-first solutions, solving complex business challenges through expertise, cloud, data engineering, and AI.",1K-5K,IT Services and IT Consulting,"Marlborough, Massachusetts",355K
162,Celonis,"When processes work, everything works.",1K-5K,Software Development,"New York City, New York",248K
163,Burtch Works,"Hiring Experts shaping the future of recruitment in Data Science, AI, ML, Data Engineering, Market Research, & more",11-50,IT Services and IT Consulting,"Chicago, IL",162K
164,System Soft Technologies,Deep Expertise to Help Clients Solve Their Most Difficult IT Challenges,1K-5K,IT Services and IT Consulting,"Tampa, FL",857K
165,Xceedance,Your Way Forward,1K-5K,Insurance,"Boston, MA",148K
166,LatentView Analytics,Actionable Insights; Accurate Decisions,1K-5K,Business Consulting and Services,"Chennai, Tamil Nadu",158K
167,MathCo,,1K-5K,Business Consulting and Services,"Chicago, Illinois",152K
168,Altimetrik,Enabling Digital Business,5K-10K,Software Development,"Southfield, MI",234K
169,Altair,,1K-5K,Software Development,"Troy, MI",203K
170,Tech Firefly,Empowering a Safer Digital World üåé,1K-5K,Information Technology & Services,"Santa Clara, CA",59K
171,ThoughtSpot,ThoughtSpot is the AI-Powered Analytics company.,501-1K,Software Development,Business Intelligence (BI) Software,
172,Iris Software Inc.,When IT matters most.,1K-5K,IT Services and IT Consulting,"Edison, NJ",472K
173,Merkle,,,Business Consulting and Services,"Columbia, MD",192K
174,EVERSANA,,5K-10K,Pharmaceutical Manufacturing,"Chicago, IL",404K
175,Infogain,,5K-10K,IT Services and IT Consulting,"Los Gatos, CA",386K
176,"Prudent Technologies and Consulting, Inc.",Empowering Clients with Enabling Technologies!,201-500,IT Services and IT Consulting,"Dallas, TX",190K
177,Annalect,,1K-5K,Advertising Services,"New York, NY",126K
178,"Continuum Clinical, A Spectrum Science Company",,51-200,Marketing Services,"Washington, District of Columbia",20K
179,Signant Health,The Evidence Generation Company,1K-5K,Pharmaceutical Manufacturing,"Blue Bell, Pennsylvania",124K
180,Algoritma Data Science School,Elevate your team with customized data science training | #WujudkanInovasiBesar bersama Algoritma,,Education Administration Programs,"Jakarta Selatan, Jakarta",13K
181,Intellias,,1K-5K,IT Services and IT Consulting,"Chicago, Illinois",281K
182,Datamatics,"A Digital Technologies, Operations, and Experiences company enabling enterprises go Deep in Digital",,IT Services and IT Consulting,"Edison, New Jersey",266K
183,InfoVision Inc.,Accelerate digital transformation for customers with agility and integrity,1K-5K,IT Services and IT Consulting,"Richardson, TX",278K
184,Clarity AI,Add Clarity. Choose Sustainably‚Ñ¢,201-500,Software Development,"New York, New York",115K
185,SGS Technologie,"SGS Technologie is an experienced software development and IT staffing firm headquartered in Jacksonville, Florida.",51-200,IT Services and IT Consulting,"Jacksonville, Florida",114K
186,Indium,,1K-5K,IT Services and IT Consulting,"Cupertino, California",128K
187,SevenRooms,A Guest Experience and Retention platform for the hospitality industry.,201-500,Hospitality,"New York, NY",140K
188,SymphonyAI,"Tailored AI applications that solve core business challenges to deliver rapid, real, relevant results.",1K-5K,Software Development,"Palo Alto, California",148K
189,C5i,Driving business impact with the ideal combination of human expertise and AI,1K-5K,Business Consulting and Services,"Bellevue, Washington",144K
190,"Technogen, Inc.",Curious for Tomorrow!,201-500,IT Services and IT Consulting,"Chantilly, VA",135K
191,VentureDive,Engineering Intelligent & Scalable Solutions,201-500,IT Services and IT Consulting,"Mountain View, California",217K
192,Quadrant Technologies,Unleash Growth with Top IT Services üèÜ Partner with a North American leader recognized by INC 500 & Deloitte Fast 500.,1K-5K,IT Services and IT Consulting,"Redmond, Washington",89K
193,ThoughtFocus,Engineering Successful Outcomes,1K-5K,IT Services and IT Consulting,"Dallas, Texas",198K
194,7Park Data,Transforming data to revolutionize business decisions,51-200,Information Services,"NY, NY",4K
195,"Techaxis, Inc",Crafting a seamless recruiting experience.,51-200,Staffing and Recruiting,"Ashburn, Virginia",191K
196,KACE Company,"Mission-focused expertise to advance the nation's safety, security and performance",1K-5K,Business Consulting and Services,"Ashburn, Virginia",5K
197,Techwave,Empower Success,1K-5K,IT Services and IT Consulting,"Houston, TX",56K
198,Synaptic Artificial Intelligence,Revealing hidden intelligence through the power of AI.,51-200,Advertising Services,"Palo Alto, California",4K
199,Robosoft Technologies,Simplifying Digital. Simplifying Lives.,1K-5K,IT Services and IT Consulting,"San Francisco, California",90K
200,Tavant,People.Passion.Excellence,1K-5K,IT Services and IT Consulting,"Santa Clara, California",149K
201,Bizmetric,Enriching Data Insights through Robust Analytical Approaches,51-200,IT Services and IT Consulting,"Sugar Land, Texas",11K
202,Accion Labs,Impacting Lives By Transforming Businesses Through Innovation,1K-5K,Information Technology & Services,"Bridgeville, Pennsylvania",142K
203,DataRobot,The next evolution of AI for business is coming,501-1K,Software Development,Data Science & Machine Learning Platforms,
204,Posit PBC,"üëã Hi there. We‚Äôre Posit. We make open-source software to help individuals, teams, and enterprises with data science.",201-500,Software Development,"Boston, Massachusetts",106K
205,Techlogix,We catalyze digital excellence,501-1K,IT Services and IT Consulting,"Woburn, MA",147K
206,Project Growth,Get matched with top tech jobs in the US üöÄ,11-50,Marketing Services,"New York, NY",114K
207,Gainsight,,1K-5K,Software Development,"San Francisco, California",129K
208,Medidata Solutions,Powering Smarter Treatments and Healthier People,1K-5K,Software Development,"New York, NY",89K
209,Beyondsoft,,501-1K,IT Services and IT Consulting,"Bellevue, Washington",128K
210,Conviva,Conviva is the unified platform for real-time operational data actionability,201-500,Software Development,"Foster City, CA",79K
211,Simform,Engineering the next best thing for the digital world,1K-5K,IT Services and IT Consulting,"Orlando, Florida",88K
212,GeoSure,"GeoSure leads hyperlocal safety awareness, globally scaled risk assessment technologies, over 400,000 locations.",11-50,Information Services,"Denver, Colorado",2K
213,Stefanini North America and APAC,Co-creating solutions for a better future,,IT Services and IT Consulting,"Southfield, MI",122K
214,Visionet Systems Inc.,Engineering. Simplified.,5K-10K,IT Services and IT Consulting,"Cranbury, New Jersey",118K
215,"Anaconda, Inc.","Anaconda is the world‚Äôs most popular and trusted Python/R platform for data science, machine learning, and AI.",201-500,Software Development,"Austin, Texas",89K
216,U.S. News & World Report,We help you make the best decisions.,501-1K,Internet Publishing,"Washington, DC",89K
217,Fintech,"Automating the way alcohol retailers, distributors, and suppliers do business.",201-500,Financial Services,"Tampa, FL",90K
218,Creatio,Creatio is a global vendor of a no-code platform to automate workflows and CRM with a maximum degree of freedom.,501-1K,Software Development,"Boston, Massachusetts",101K
219,Warner Bros. Games,,1K-5K,Entertainment Providers,"Burbank, CA",119K
220,Blazeclan Technologies,Blaze Innovation On Cloud,501-1K,IT Services and IT Consulting,New York,69K
221,Frontline Education,Leading provider of school administration software for the #K12 education community.,501-1K,Software Development,"Wayne, Pennsylvania",66K
222,PRAGMA,Improving people's lives by transforming businesses.,1K-5K,IT Services and IT Consulting,"Miami , Florida",83K
223,Palmetto,Clean energy is for everyone.,201-500,Software Development,"Charlotte, North Carolina",102K
224,V2Soft,Providing high performance technology solutions to solve real business problems.,501-1K,IT Services and IT Consulting,"Bloomfield Hills, Michigan",67K
225,IntegriChain,Data-Driven Commercialization,501-1K,Software Development,"Philadelphia, PA",83K
226,Intuitive.Cloud,‚ÄúAn Engineering Company Driving Business Outcomes‚Äù,501-1K,IT Services and IT Consulting,"Iselin, New Jersey",83K
227,Addend Analytics: Microsoft D365 & Data Analytics Partner,100+ D365 Business Central & Power BI Implementations across U.S. | Europe | India,11-50,IT Services and IT Consulting,"Navi Mumbai, Maharashtra",9K
228,Feedzai,End-to-end protection from fraud and financial crime.,501-1K,IT Services and IT Consulting,"San Mateo, CA",76K
229,AllCloud,Accelerating Cloud Innovation,201-500,IT Services and IT Consulting,"Denver, Colorado",65K
230,ZapCom Group Inc,"As a global Product Engineering and Services Company, we help our clients find the solution best suited for them.",201-500,Information Technology & Services,"Irving, Texas",101K
231,CloudMoyo,Transform with Resilience üöÄ,501-1K,IT Services and IT Consulting,"Bellevue, Washington",78K
232,Mixpanel,Helping the world learn from its data with event analytics everyone can use. Let's build.,201-500,Software Development,Product Analytics Software,
233,"Neustar, Inc.",,1K-5K,IT Services and IT Consulting,"Reston, Virginia",74K
234,Foursquare,"We're a location technology platform, inventing the future with developer tools, enterprise solutions and consumer apps.",501-1K,Software Development,"New York, NY",86K
235,Incorta,"Only Incorta delivers analytics on live, detailed operational data at scale",201-500,Software Development,"Foster City, CA",63K
236,"Kaygen, Inc.","Kaygen, an award-winning technology consulting and talent firm, assists organizations to achieve digital transformation.",51-200,IT Services and IT Consulting,"Irvine, California",74K
237,Innover Digital,End-to-end Digital Transformation solutions to drive real business outcomes & build intelligent enterprises of tomorrow,1K-5K,IT Services and IT Consulting,"Alpharetta, Georgia",75K
238,SoluLab,"A top-notch AI, Blockchain, Machine Learning, Data Science, IoT, Web3, and Metaverse solution provider.",201-500,IT Services and IT Consulting,"Los Angeles, California",57K
239,Quantum Analytics NG,Become A Global Tech Talent in Demand. Attract Opportunities!,11-50,"Technology, Information and Internet",London,67K
240,NewVision Software,When the POTENTIAL OF PEOPLE converges with the power of TECHNOLOGY we unlock INFINITE POSSIBILITIES,501-1K,IT Services and IT Consulting,"Peachtree Corners, Georgia",68K
241,Core BTS,Core BTS is a full-service digital transformation consulting firm.,501-1K,IT Services and IT Consulting,"Indianapolis, IN",63K
242,Quantum Integrators,"Your Business, Seamlessly Integrated!",1K-5K,IT Services and IT Consulting,"West Windsor, New Jersey",80K
243,Fusemachines,On a mission to Democratize AI since 2013. Global provider of Enterprise AI Products & AI Solutions.,201-500,Software Development,"New York, NY",80K
244,Fulton Analytics,"Aligning people, process, and technology toward data-driven success. #MicrosoftFabric",11-50,IT Services and IT Consulting,"Eagan, Minnesota",4K
245,Gramener,Insights as Stories,201-500,Data Infrastructure and Analytics,"Princeton, NJ",55K
246,"iSpace, Inc.",,1K-5K,Information Technology & Services,"El Segundo, California",60K
247,Bitwise Inc,Technology Consulting and Data Management Solutions,1K-5K,IT Services and IT Consulting,"Schaumburg, IL",51K
248,PriceIntelGuru,AI-Enhanced Competitive Pricing,,Information Technology & Services,"Houston, Texas",4K
249,gA,We create Digital Ecosystems,1K-5K,IT Services and IT Consulting,"Miami , FL",62K
250,Keypath Education,Transform education. Transform the world.,501-1K,Higher Education,"Schaumburg, Illinois",56K
251,AIMDek Technologies Inc.,"Serving Stealth Startups, Emerging Mid-Size ISVs & Enterprises with end-to-end consulting and engineering services",51-200,IT Services and IT Consulting,"Austin, Texas",11K
252,Carat USA,,1K-5K,Advertising Services,"New York, New York",69K
253,Azilen Technologies,Engineering Excellence,201-500,IT Services and IT Consulting,"San Francisco, California",70K
254,Black Knight,,5K-10K,IT Services and IT Consulting,"Jacksonville, FL",47K
255,"Bardess Group, a Cleartelligence Company",Bardess¬Æ enables clients to make smarter and faster business decisions by extracting exceptional value from their data.,51-200,Professional Services,"Randolph, NJ",13K
256,DTN,,1K-5K,IT Services and IT Consulting,"Bloomington, Minnesota",45K
257,Upside,,201-500,Retail,"Washington, District of Columbia",62K
258,TechWish,Solving Tomorrow's Technology Problems Today,501-1K,IT Services and IT Consulting,"Sterling, Virginia",66K
259,Techedin,Building NextGen Solutions,51-200,IT Services and IT Consulting,"Middletown, Delaware",48K
260,Galileo Financial Technologies,,1K-5K,Financial Services,"Sandy, UT",60K
261,84.51Àö,"A retail data science, insights and media company creating more personalized and valuable experiences for shoppers.",1K-5K,Business Consulting and Services,"Cincinnati, Ohio",50K
262,Zeta Global,We deliver better experiences for consumers and better results for your brand.,1K-5K,Marketing Services,"New York, New York",43K
263,Kong Inc.,Powering the API World.,501-1K,Software Development,"San Francisco, California",45K
264,Innominds,Digital Transformation and Product Engineering company,1K-5K,IT Services and IT Consulting,"San Jose, CA",43K
265,Comptech Associates,"Large enough to deliver, small enough to care.",51-200,IT Services and IT Consulting,"Somerset, NJ",56K
266,Sensor Tower,Better data comes from real people,201-500,"Technology, Information and Internet",Mobile Analytics Software,
267,GAVS Technologies,AI-led digital transformation,1K-5K,IT Services and IT Consulting,"Princeton, New Jersey",55K
268,Zeno Group,"The fiercely independent and global integrated communications agency, born from PR.",501-1K,Public Relations and Communications Services,"New York, NY",56K
269,Bitnine Global,Connecting Data for a Smarter World,51-200,Software Development,"San Francisco, California",63K
270,Aryng,"We are a SWAT Data science team. We solve complex business problems, develop enterprise Data DNA and deliver rapid ROI.",11-50,Business Consulting and Services,"Santa Clara, California",47K
271,Motifworks Inc. - An Accion Labs Company,Cloud and Innovation Engineering | Winner 2023 Microsoft Analytics Partner of the Year Award | Inc.5000 6x Honoree,51-200,IT Services and IT Consulting,"Towson, Maryland",14K
272,Chiltern,Chiltern is part of Fortrea. Please follow Fortrea for future updates. https://www.linkedin.com/company/fortrea,,Hospitals and Health Care,"Durham, North Carolina",60K
273,Starburst,"The best implementation of OS Trino, giving your engineers the price-performant architecture they need",501-1K,Software Development,"Boston, Massachusetts",39K
274,TigerGraph,üêØ Advanced Analytics and Machine Learning on Connected Data üêØ,201-500,Software Development,"Redwood City, CA",42K
275,"Zencon Group, NMSDC Certified","Digital Technology Services, Cloud Solutions, ESG Solutions, Automation, and Staffing. Microsoft & ServiceNow Partner",51-200,IT Services and IT Consulting,"Princeton, New Jersey",50K
276,Just Drive Media,"‚ú® PR Week's 2022 Outstanding Boutique Agency ‚ú® PR, social media, social/media analytics, creative marketing",11-50,Public Relations and Communications Services,Virtual,11K
277,ADVANZ101 - Salesforce Consulting Partner,Ridge Partner | Driving quality innovation in the sphere of Salesforce & Enterprise Technology solutions globally.,51-200,IT Services and IT Consulting,"San Jose, California",6K
278,CompuGain,Deliver game-changing modern applications with Unisys,201-500,IT Services and IT Consulting,"Blue Bell, Pennsylvania",47K
279,Zolon Tech Inc.,"We support Digital Transformation to Defense, Intelligence, National Security and Civilian Agencies.",501-1K,Software Development,Herndon,42K
280,SightSpectrum,"Data analytics, cloud digital, Ai, Implementation, staffing, and training for comprehensive business transformation.",501-1K,IT Services and IT Consulting,"Crowley, Texas",41K
281,Daugherty Business Solutions,,1K-5K,IT Services and IT Consulting,"St Louis, Missouri",49K
282,Sutherland Healthcare Solutions,We make digital ùê°ùêÆùê¶ùêöùêß‚Ñ¢,1K-5K,Hospitals and Health Care,"Clifton, NJ",40K
283,SOLTECH,"Award-Winning Custom Software Development & IT Staffing. #TopWorkplaces2024, Best & Brightest Company To Work For 2024",51-200,IT Services and IT Consulting,"Atlanta, Georgia",39K
284,Cars Commerce,The platform to simplify car buying and selling,1K-5K,Software Development,"Chicago, Illinois",40K
285,Vaisesika,Driving Digital Business Transformation.. One Step at a Time!,201-500,IT Services and IT Consulting,"Carlsbad, California",42K
286,ZEN3,Zen3 Infosolutions is now a wholly-owned subsidiary of Tech Mahindra,1K-5K,IT Services and IT Consulting,"Redmond, WA",44K
287,Satwic Inc,,51-200,Software Development,"Pasadena, CA",51K
288,Quotient Technology Inc.,"Quotient Technology, Inc was proudly acquired by Neptune Retail Solutions - September 2023",501-1K,Advertising Services,"Jersey City, NJ",42K
289,Softweb Solutions Inc. - An Avnet Company,An Avnet Company,501-1K,IT Services and IT Consulting,"Plano, Dallas, TX",12K
290,Agilisium Consulting,"Transforming Customer Experience and patient Lives and care with AI, AA, and Data solutions",1K-5K,Data Infrastructure and Analytics,"Los Angeles, CA",36K
291,Hexaview Technologies Inc.,An Inc. 5000 company. Your Digital Transformation Partner.,201-500,IT Services and IT Consulting,"New York, NY",39K
292,Cloudstrats,Dream. Believe. Achieve.,51-200,IT Services and IT Consulting,"New York, New York",39K
293,AIM Consulting Group,We build high-performance teams and deliver on business-critical initiatives with modern technologies and processes,501-1K,IT Services and IT Consulting,"Bellevue, Washington",44K
294,ClearScale,Delivers a complete range of AWS cloud computing services from strategy to development and implementation.,51-200,IT Services and IT Consulting,"San Francisco, CA",46K
295,SpiceOrb - Talent Hunt Experts,"Looking to hire talent? We can help! Expertise in Infrastructure, Cloud, Application and Data Space. Quality is our key",51-200,IT Services and IT Consulting,"San Francisco, California",8K
296,Daitan Group,"Accelerating time-to-market. We build Core Technology, Data Solutions & Software Products that scale",501-1K,IT Services and IT Consulting,"San Ramon, California",38K
297,Fingent,Software Development Solutions For All Your Enterprise Needs,501-1K,IT Services and IT Consulting,"New York, New York",44K
298,Sirius Computer Solutions,A CDW Company,,IT Services and IT Consulting,"San Antonio, Texas",43K
299,PMG,"A global independent digital company using strategy, creative, media, and insights to deliver Digital Made For Humans ‚Ñ¢.",501-1K,Advertising Services,"Dallas, Texas",37K
300,BuzzClan,Own the Solution,501-1K,IT Services and IT Consulting,"Dallas, Texas",34K
301,Velera,Formerly PSCU/Co-op Solutions,1K-5K,Financial Services,"St Petersburg, Florida",45K
302,eQ Technologic,eQube a Data as a Service (DaaS) platform accelerating Digital Transformation.,501-1K,Software Development,"Costa Mesa, CA",35K
303,Moxie,,201-500,Advertising Services,"Atlanta, GA",35K
304,PharmaACE,ACE Your Business,501-1K,Business Consulting and Services,"Princeton, New Jersey",35K
305,Totango,Exciting news: Totango and Catalyst have joined forces to help you drive customer-led growth!,51-200,Software Development,"Redwood City, CA",42K
306,Powerfleet,People Powered AIoT,1K-5K,IT Services and IT Consulting,"Woodcliff Lake, New Jersey",35K
307,Accubits Technologies Inc,We're a full-service software provider enabling businesses to accelerate its growth using bleeding-edge technologies,501-1K,IT Services and IT Consulting,"Vienna, Virginia",31K
308,Definitive Healthcare,"We create new paths to commercial success by turning data, analytics & expertise into healthcare commercial intelligence",501-1K,Information Services,"Framingham, Massachusetts",30K
309,"KGS Technology Group, Inc","Best Software Development , IT Staffing and Immigration Service Provider in the US | H1B Dependent Employer",51-200,IT Services and IT Consulting,"Alpharetta, GA",41K
310,E-IT,Information Technology Staffing and project solutions,51-200,Information Technology & Services,"Livonia, Michigan",41K
311,RCG Global Services,,1K-5K,IT Services and IT Consulting,"Iselin, New Jersey",30K
312,Sapphire Ventures,Backing Companies of Consequence,51-200,Venture Capital and Private Equity Principals,"Menlo Park, CA",41K
313,Point B,Go beyond.,501-1K,Business Consulting and Services,"Seattle, WA",37K
314,Intuitive - Transforming Tomorrow,"Employee-Owned, Women-Led",51-200,Staffing and Recruiting,"Edina, Minnesota",34K
315,Evolv Technology,Making everywhere safer.,51-200,Security and Investigations,"Waltham, Massachusetts",34K
316,Onclusive Social,,201-500,Software Development,"New York, NY",33K
317,Clairvoyant,"Clairvoyant, a leading enterprise data analytics consulting and engineering company. An EXL Company.",501-1K,IT Services and IT Consulting,"Chandler, Arizona",32K
318,Flexsin Inc.,Digital Engineering - Improve Digital Transformation,501-1K,IT Services and IT Consulting,"Dallas, Texas",31K
319,Hanu Software,An Insight Company,,IT Services and IT Consulting,"Chandler, Arizona",35K
320,Novigo Solutions,Future Ready IT Solutions,501-1K,Software Development,"Dallas, Texas",29K
321,Xivic Inc.,Xivic fuses startup thinking and digital innovation to help transform your business and connect with your customers.,51-200,Advertising Services,"Calabasas, California",10K
322,OneData Software Solutions,Data Driven Solutions,51-200,IT Services and IT Consulting,"Fort Mill, South Carolina",32K
323,"Unbxd Inc., A Netcore Company",Unbxd is an AI-powered product discovery and experience solution for ecommerce platforms.,201-500,Software Development,"San Mateo, California",37K
324,Guavus,AI/ML-based Big Data Analytics Driving Digital Transformation at the World‚Äôs Largest Telecommunications Providers,201-500,Software Development,"San Jose, CA",33K
325,Craft.co,"A world connected by resilient, sustainable, intelligent supply chains.",51-200,Software Development,"San Francisco, CA",8K
326,Sun Technologies,Bringing Strategic Innovation and Technology to our clients since 1996,1K-5K,IT Services and IT Consulting,Atlanta,35K
327,SMX,,1K-5K,IT Services and IT Consulting,"Hollywood, MD",30K
328,"Logic20/20, Inc.","Working toward a better tomorrow for our clients, our employees, and our communities.",201-500,Business Consulting and Services,"Seattle, WA",35K
329,Aera Technology,The Decision Intelligence company,201-500,Software Development,"Mountain View, California",31K
330,Inpixon,Full-Stack Industrial Real-Time Location System (RTLS),201-500,IT Services and IT Consulting,"Englewood, Colorado",33K
331,Dash Technologies Inc.,We don't just engineer software solutions! We partner up.,201-500,Software Development,"Dublin, Ohio",31K
332,Synapse Analytics,Better decisioning with AI.,11-50,Software Development,Abu Dhabi,32K
333,"Systems Technology Group, Inc. (STG)",Global Leading Digital Transformation Consulting Firm,1K-5K,IT Services and IT Consulting,"Troy, Michigan",30K
334,TSIA,Technology & Services Industry Association helps companies make smart decisions.,51-200,Information Services,"San Diego, CA",34K
335,Exusia,"Award winning AI, Cloud, Data solutions provider, bridging the gap between Strategy and Engineering to monetize Data.",201-500,Business Consulting and Services,"Miami, Florida",29K
336,Outlier AI,Automated Business Analysis | Find the Unexpected,11-50,Software Development,"Oakland, California",16K
337,Bigfoot Biomedical,A Simple Way To Manage Diabetes,51-200,Medical Equipment Manufacturing,"Milpitas, California",35K
338,Customer Intelligence Inc.,,51-200,Financial Services,"Weston, Florida",36K
339,"Intellectyx, Inc.","Empowering Business with Data, Digital & Gen AI Solution.",51-200,IT Services and IT Consulting,"Denver, CO",32K
340,Himflax Group,A CMMI Level 5 & MWBE-certified organization || Your trusted technology sourcing partner!,51-200,IT Services and IT Consulting,"Hamilton Square, New Jersey",34K
341,Morning Consult,Delivering Intelligent Data to Power Leaders‚Äô Intelligent Decisions,201-500,Data Infrastructure and Analytics,"Washington, District of Columbia",28K
342,Datameer,Transform Data In Snowflake with No Code.,51-200,Software Development,Data Preparation Tools,
343,BIP.Monticello,A Global Financial Services & Management Advisory Firm. Discover our latest service areas and explore careers with us.,51-200,Business Consulting and Services,"New York, NY",35K
344,Superbeo,Digital | Contingent Workforce | Outsourcing,1K-5K,Information Technology & Services,"Malvern, Pennsylvania",31K
345,G10X,CUSTOMER OBSESSION PASSION . OWNERSHIP . PARTNERSHIP,501-1K,IT Services and IT Consulting,"Irvine, California",32K
346,Pratham Software (PSI),Creating everlasting customer experiences driven by flexibility & agility in delivering tangible results.,201-500,IT Services and IT Consulting,"Cupertino, California",30K
347,TechAffinity,Empowering Growth and Innovation #BeFutureReady,201-500,IT Services and IT Consulting,"Tampa, Florida",12K
348,Arable,Crop Intelligence,51-200,Farming,"San Francisco, California",31K
349,Research Now SSI,,1K-5K,Market Research,"Plano, Texas",29K
350,Sevan Multi-Site Solutions,Innovative Solutions for Multi-Site Organizations.,501-1K,Construction,"Downers Grove, Illinois",27K
351,ibi | Information Builders,Fuel your digital transformation. Helping organizations harness the power of data to drive informed decision making.,5K-10K,Software Development,"Fort Lauderdale, Florida",26K
352,The Integer Group,"We are The Growth Company. We harness data-fueled creativity to start conversations, drive conversion & deliver results.",1K-5K,Advertising Services,"Denver, Colorado",29K
353,PRA Group (Nasdaq: PRAA),,1K-5K,Financial Services,"Norfolk, VA",27K
354,CIGNEX,"Driving Digital Transformation Through Open Source, Cloud & Automation",501-1K,IT Services and IT Consulting,"Iselin, New Jersey",30K
355,Intone,Innovation | Transformation | Experience |,501-1K,IT Services and IT Consulting,"Iselin, New Jersey",26K
356,JMP,Great software in the right hands can change the world.,201-500,Software Development,Statistical Analysis Software,
357,TEK NINJAS,We deliver the right talent & strategic solutions for your successful transformation.,201-500,IT Services and IT Consulting,"Carrollton, Texas",30K
358,MAS Global Consulting,"Digital modernization | Data | AI w/LATAM-US talent, driving innovation while impacting women-latinos in tech #MASisMore",201-500,IT Services and IT Consulting,"Tampa, Florida",30K
359,EffectiveSoft,Software Development Company,201-500,IT Services and IT Consulting,"San Diego, California",8K
360,"Centizen, Inc.","Your Partner for IT Staffing, Remote Hiring from India, Custom Software Solutions & SaaS for Scalable Success.",201-500,IT Services and IT Consulting,"Beaverton, OR",30K
361,Fluidata Analytics,We enable companies and leaders with data and analytics solutions that drive high-value business outcomes.,11-50,Data Infrastructure and Analytics,Mumbai,28K
362,ATMECS Global Inc,‚ÄúTrusted Partner‚Äù to organizations looking to shape their future with innovation and Next Gen technologies.,1K-5K,IT Services and IT Consulting,"Santa Clara, CA",25K
363,PiLog Group,Digital Transformation Company,501-1K,IT Services and IT Consulting,"Conroe, TX",27K
364,PRGX Global Inc.,Putting S2P Analytics at the Heart of Business Health,1K-5K,Financial Services,"Atlanta, Georgia",21K
365,Interra Information Technologies (InterraIT),We transform your ideas into reality #innovatewithInterraIT,501-1K,IT Services and IT Consulting,"Irvine, California",13K
366,Holmusk,Raising the standards for real-world evidence generation to transform research and care for behavioral health,51-200,Mental Health Care,"New York, NY",26K
367,Vidmob,The Creative Data Company.,201-500,Software Development,"New York, New York",26K
368,Devfi,A Digital Transformation company delivering innovative and affordable solutions by leveraging digital & AI technologies.,201-500,Information Technology & Services,"Columbus, Ohio",30K
369,Sahaj Software,Sahaj is an artisanal technology services company crafting purpose-built AI and data-led solutions for our clients.,201-500,Software Development,"Austin, Texas",27K
370,Ocrolus,Ocrolus is a document AI platform that enables faster and more accurate financial decision-making.,201-500,Financial Services,Financial Analytics Software,
371,Taazaa Inc,Stay relevant in a world of relentless change. Get the software your business really needs.,201-500,Information Technology & Services,"Hudson, Ohio",28K
372,Binmile,Software Engineering Company | Your Technology Partner for Software Innovation and Digital Success,201-500,IT Services and IT Consulting,"Claymont , Delaware",29K
373,Avlino,"Transforming Container Terminals: Your Dynamic Operations, Our Intelligent Solutions.",11-50,Software Development,"Matawan, New Jersey",29K
374,Survey Sampling International,,1K-5K,Market Research,"Shelton, CT",27K
375,linqd.,Purposefully Connected.,201-500,Advertising Services,Remote,27K
376,Live Nation for Brands,Live Nation is the industry‚Äôs most scalable live platform connecting brands to fans during unforgettable live moments.,,Entertainment Providers,"Los Angeles, California",31K
377,ScienceSoft,"You set goals, we drive the project to fulfill them.",501-1K,IT Services and IT Consulting,"McKinney, TX",22K
378,Factspan,Enabling Enterprises to be truly AI Native!,201-500,Business Consulting and Services,"Seattle, WA",25K
379,W3R Consulting,w3r Consulting gets to the root of your challenges with IT solutions that align with your goals & industry regulations.,201-500,IT Services and IT Consulting,"Southfield, MI",28K
380,"Cloud Tech Partners, acquired by Hewlett Packard Enterprise company in 2018",,201-500,Information Technology & Services,"Houston, Texas",13K
381,Fusion Technology LLC,Bringing IT together for you.,51-200,IT Services and IT Consulting,"Bridgeport, West Virginia",29K
382,Analytica,Data-driven consulting and technology services,51-200,IT Services and IT Consulting,"Washington, District of Columbia",27K
383,Nalashaa Solutions,Think Simple. Build Powerful.,201-500,Information Technology & Services,"Edison, New Jersey",29K
384,Evidera,"Evidera, a PPD business specializing in evidence, value, and access",501-1K,Research Services,"Bethesda, MD",25K
385,CMI Media Group,Realizing Healthcare's Possibilities,1K-5K,Advertising Services,"Philadelphia, PA",19K
386,AiRo Digital Labs,Making AI Possible,201-500,IT Services and IT Consulting,"Chicago, Illinois",7K
387,eClinical Solutions,We bring people and data together to support tomorrow‚Äôs breakthroughs,201-500,Software Development,"Mansfield, MA",22K
388,Insurity,"Delivering the world‚Äôs most configurable, cloud-native, easy-to-use, and intuitively analytical software",1K-5K,Software Development,"Hartford, Connecticut",22K
389,Xerago,Maximizing impact on our clients‚Äô critical digital priorities. For twenty years and counting.,201-500,"Technology, Information and Internet","San Jose, California",22K
390,Deerwalk Inc.,,201-500,Software Development,"Lexington, Massachusetts",25K
391,Cart.com,"Unifying commerce, from discovery to delivery.",1K-5K,Software Development,"Houston, TX",23K
392,Most Loved Workplaces¬Æ,"Get Certified as a Most Loved Workplace¬Æ: Attract and Keep Top Talent, and Get Recognized for Your Company Culture!",11-50,Human Resources Services,"Palm Beach Gardens, FL",4K
393,Provana,"Tech-enabled process outsourcing for credit and collections, legal processing and revenue cycle management sectors.",1K-5K,IT Services and IT Consulting,"Lisle, Illinois",22K
394,Techvantage Analytics,Analytics for an intelligent world,51-200,IT Services and IT Consulting,Dubai,23K
395,Teletrac Navman,"A Vontier company, designed to simplify the complex and help our customers transform the way they work.",501-1K,Software Development,"Northbrook, Illinois",25K
396,Azira,Know your Market; Reach your Customers,201-500,"Technology, Information and Media","Pasadena, California",25K
397,CompQsoft,"Digital Transformation Partner: We build, modernize, & manage mission-critical systems to create competitive advantage.",501-1K,IT Services and IT Consulting,"Leesburg, Virginia",11K
398,Novetta,A Part of Accenture Federal Services,1K-5K,IT Services and IT Consulting,"McLean, VA",24K
399,314e Corporation,"Best in KLAS Healthcare IT Products & Solutions company, serving 250+ Providers, Payers, and Life Sciences customers.",501-1K,Hospitals and Health Care,"Dublin, California",21K
400,S4 Analytics LLC,A Staffing and Recruiting organization focused in Clinical Trails and Information Technology,11-50,IT Services and IT Consulting,"Little Elm, Texas",4K
401,47Billion,Design-led and data-driven product engineering services empowering digital transformation,51-200,Software Development,"Santa Clara, California",22K
402,Obviously AI,"The fastest, most precise no-code AI in the world.",11-50,Software Development,"San Francisco, California",26K
403,SNAK Consultancy Services,Unlocking Potential Delivering Results,51-200,IT Services and IT Consulting,"Sheridan, Wyoming",7K
404,LDM Global,"Global Leaders in Post-Breach Cyber Review, Document Review, & LPO/BPO ‚Äì 25 Years of Excellence, Powering Your Success",501-1K,Legal Services,Steamboat Springs,4K
405,FLYR,,501-1K,Software Development,"San Francisco, California",18K
406,Arcadia,We transform data into powerful insights that deliver results.,201-500,IT Services and IT Consulting,Medical Practice Management Software,
407,Profitero,Commerce Acceleration Company,501-1K,Software Development,"Boston, Massachusetts",21K
408,Project Canary,Your Ally in Emissions Management,51-200,Environmental Services,"Denver, Colorado",14K
409,"Creative Information Technology, Inc.",,201-500,IT Services and IT Consulting,"Falls Church, VA",22K
410,"Pivot Point Consulting, a Vaco Company",We work with healthcare organizations at a ‚Äúpivot point‚Äù in their business who need a partner they can trust.,201-500,Information Technology & Services,"Brentwood, Tennessee",10K
411,LiquidHub,A Capgemini company,1K-5K,IT Services and IT Consulting,"Wayne, PA",25K
412,"OM1, Inc.",,51-200,Pharmaceutical Manufacturing,"Boston, Massachusetts",23K
413,eProSoft,Transforming 'Ideas' into 'Innovation',51-200,IT Services and IT Consulting,"Princeton, NJ",27K
414,Hyly.AI,Hyly.AI Changing How Multifamily Connects,51-200,Marketing Services,"Ashburn, Virginia",25K
415,The Xela Group,Contract IT Staffing Simplified,201-500,Staffing and Recruiting,"Reston, Virginia",24K
416,SoHo Dragon,"We are agile, independent, and hold a straightforward philosophy ‚Äì that outstanding talent produces outstanding work.",201-500,IT Services and IT Consulting,"New York, NY",21K
417,Ganit Inc.,Facilitators of Turning Data into Actionable Insights.,201-500,Business Consulting and Services,"Parsippany, New Jersey",19K
418,Cambridge Technology (CT),"We are a global technology services company helping companies transform by leveraging Cloud, AI, and ML.",201-500,IT Services and IT Consulting,"Atlanta , Georgia",20K
419,Cray Inc.,"Cray Inc., acquired by Hewlett Packard Enterprise in 2020",501-1K,Information Technology & Services,"Houston, Texas",23K
420,Innovation Enterprise,"From DATAx to Future Work, we organize events that curate the latest thinking to shape the future of your business",51-200,Events Services,"New York, NY",25K
421,Klaxontech Inc,We Connect We Innovate,51-200,IT Services and IT Consulting,"New York, New York",22K
422,Keller Schroeder,"An IT Company In The Performance Improvement Business Providing Applications, Data Strategy, Infrastructure, & Staffing",51-200,IT Services and IT Consulting,"Evansville, IN",22K
423,Azumo,"Top-Rated and Award-Winning Nearshore Software Development Company | Build Intelligent Apps | Web, Mobile, Data & Cloud.",51-200,IT Services and IT Consulting,"San Francisco, California",23K
424,"Octo, an IBM Company",Jump the Technology Curve,1K-5K,IT Services and IT Consulting,"Reston, VA",14K
425,Netpace Inc,Data Is To Business As Water Is To Life,51-200,Information Technology & Services,"San Ramon, California",20K
426,Syncfusion,"Specializing in .NET, web, and mobile components for enterprise software including native Blazor and Xamarin.",1K-5K,Software Development,"Morrisville, North Carolina",19K
427,Spring Venture Group,Authenticity | Accountability | Innovation,1K-5K,Insurance,"Kansas City, Missouri",18K
428,Whereoware,"Award-winning digital experience agency, marrying powerful tech w/ strategic optimization + experimentation strategies.",51-200,IT Services and IT Consulting,"McLean, VA",23K
429,"Quiet Professionals, LLC",Superior Skills. Proven Performance.,51-200,Defense & Space,"Tampa, Florida",21K
430,MightyHive,Helping marketers take control of their data&digital media‚Äînow as Media.Monks. Follow us @Media.Monks to stay updated.,1K-5K,Advertising Services,"San Francisco, CA",23K
431,Ansira,,1K-5K,Advertising Services,"St. Louis, MO",17K
432,VideoAmp,"Revolutionizing advertising, so everyone wins.",201-500,Advertising Services,"Los Angeles, California",18K
433,enableIT,Your Trusted Digital and Data Projects Partner,51-200,IT Services and IT Consulting,"New York, NY",20K
434,Healthmap Solutions,Proving there is a path to better health for kidney patients!,201-500,Hospitals and Health Care,"Tampa, FL",19K
435,Altair RapidMiner,Altair RapidMiner data analytics and AI platform,1K-5K,Software Development,"Troy, MI",21K
436,Octave,Your partner in precision care for multiple sclerosis (MS) and beyond.,51-200,Biotechnology Research,"Menlo Park, California",20K
437,sliQue Robotics,The Data Analytics Platform for Robotics & IoT,11-50,Software Development,"Las Vegas, NV",22K
438,Cognida.ai,Data to Next,201-500,Software Development,"Lincolnshire, Illinois",20K
439,ClearGov,Budget better.,51-200,Government Administration,"Maynard, MA",19K
440,Onix,,1K-5K,IT Services and IT Consulting,"New York, NY",15K
441,LussoTech LLC,IT Consulting Services and Healthcare Staffing.,51-200,Staffing and Recruiting,"Sterling, Virginia",15K
442,Verana Health,Where Quality Powers Insights,51-200,IT Services and IT Consulting,"San Francisco, California",10K
443,Cinntra,"Empowering 1500+ clients with trusted technology solutions. ERP, CRM, Business App. Development and Innovation.",201-500,IT Services and IT Consulting,"New York City, New York",23K
444,ConsultUSA,"Rewarding IT Careers, Results-Driven IT Staffing Solutions WBENC-Certified Women Business Enterprise (WBE)",51-200,Staffing and Recruiting,"Pittsburgh, PA",23K
445,Indicium,We drive your company towards a data-driven culture.,201-500,Information Technology & Services,"New York, NY",19K
446,"Svitla Systems, Inc.","Global Digital Solutions Company, founded in 2003",501-1K,IT Services and IT Consulting,"Corte Madera, California",16K
447,DonorSearch,"Providing more accurate, comprehensive, and actionable data for nonprofits to achieve better fundraising results.",51-200,Software Development,Nonprofit Software,
448,DataTrained,"Learn Anything, Anytime, Anywhere Easily!",1K-5K,Education,New York,18K
449,Onora Group,Strategic Partners in Technical Recruiting and Talent Solutions,2-10,Staffing and Recruiting,"Brentwood, Tennessee",22K
450,Tetrasoft Inc.,Engineering Digital Experiences,501-1K,IT Services and IT Consulting,"Chesterfield, Missouri",20K
451,"Ensighten, a CHEQ company","Website Consent, Compliance, and Data Privacy",51-200,Software Development,"Menlo Park, California",8K
452,Bud,"Providing deep and accurate customer context from transaction data, driving hyper personalization",51-200,Financial Services,"New York, New York",19K
453,Paragon IT Professionals,Tech Talent & Leadership Development Experts,51-200,Staffing and Recruiting,"Des Moines, IA",20K
454,Tintri,,201-500,Information Technology & Services,"Santa Clara, California",21K
455,AirDNA,Trusted insights at every step of your vacation rental journey. #LifeAtAirDNA,51-200,Information Services,"Denver, Colorado",18K
456,CYAN360,Cyan360 is a global services company providing Cloud Enabled Enterprise Transformation through integration of technology,51-200,Information Technology & Services,"Naperville, ILLINOIS",22K
457,"AustinCSI, a Cognizant Company",We share ideas. We solve problems. A culture where effort is everything. ‚Ä¢ Management Consulting Firm #LifeatAustinCSI,201-500,Business Consulting and Services,"Plano, Texas",8K
458,Evonence,Simplify Cloud Adoption,51-200,IT Services and IT Consulting,"Lewis Center, Ohio",22K
459,John Snow Labs,Helping healthcare and life science organizations put AI to work faster with state-of-the-art LLM & NLP,51-200,IT Services and IT Consulting,"Lewes, Delaware",19K
460,Starpoint Solutions,Starpoint Solutions' brand name is no longer active.,501-1K,IT Services and IT Consulting,"New York, NY",20K
461,NucleusTeq,Empowering Businesses to Leap into the Future with Digital and Data Transformation,201-500,IT Services and IT Consulting,"Phoenix, Arizona",17K
462,Relevance Lab,"Driving Frictionless Business leveraging Cloud, Agile Analytics, DevOps and Digital",501-1K,IT Services and IT Consulting,"San Jose, CA",17K
463,Tealbox Digital,"Performance Marketing Agency that helps our clients decrease CPM, increase Conversion Rates and increase their Profits!",11-50,Advertising Services,"Austin, Texas",21K
464,nClouds,Accelerate Innovation,51-200,IT Services and IT Consulting,"Salt Lake City, Utah",14K
465,rockITdata,"Expert consulting, mission support, and innovative solutions in Data, AI, and contact centers to drive your success.",51-200,Business Consulting and Services,"Philadelphia , PA",19K
466,Global Alliant Inc,2021 & 2022 Inc. 5000 Company | #1 Fastest-Growing IT Services Company in the Mid-Atlantic,51-200,IT Services and IT Consulting,"Columbia, Maryland",17K
467,Pharmaceutical Strategies Group - PSG,,51-200,Business Consulting and Services,"Dallas, Texas",18K
468,ScatterPie Analytics,Modernizing analytics for today's enterprise,51-200,IT Services and IT Consulting,"Mumbai, Maharashtra",17K
469,"CorpU, A Udemy Company",,51-200,E-Learning Providers,"Philadelphia, PA",8K
470,Actemium Avanceon,We‚Äôre dedicated to your success,51-200,Automation Machinery Manufacturing,"Exton, PA",20K
471,Butler/Till,Impressions are good. Connections are better. We‚Äôre the results-driven marketing agency that knows the difference.,201-500,Advertising Services,"Rochester, New York",17K
472,Adcuratio Media Inc.,Reimagining TV with National Custom Messaging,51-200,Advertising Services,New Jersey,8K
473,Datrick,Data is the new oil. We are the refinery.,11-50,IT Services and IT Consulting,"Wilmington, DE",19K
474,Avalere,Part of Avalere Health,201-500,Business Consulting and Services,"Washington, DC",16K
475,AIS Info,"Professional services and technology company supporting Operations and IT functions with data, automation and talent.",501-1K,Financial Services,"Houston, Texas",14K
476,AtScale,The Leading Semantic Layer Platform for Data and Analytics,51-200,Software Development,"Boston, Massachusetts",17K
477,"Precise Software Solutions, Inc.",Agility. Performance. Innovation.,51-200,IT Services and IT Consulting,"Rockville, MD",17K
478,Just Global,Just Global | A Trilliad Company,201-500,Advertising Services,"Emeryville, California",16K
479,"Zymr, Inc. | Software Product Engineering Services",Leading the digital change,201-500,IT Services and IT Consulting,"San Jose, CA",17K
480,Two Sigma,,1K-5K,Financial Services,"New York, NY",212K
481,StratApps,,51-200,Information Technology & Services,"Fremont, CA",18K
482,Javelin Agency,Inspiring desire for courageous brands.,51-200,Advertising Services,"Irving, TX",19K
483,SEQURETEK,Simplify Security,201-500,Computer and Network Security,"Woodbridge, NJ",16K
484,innoVet Health (SDVOSB),"Delivering healthcare IT, data analytics, interoperability, and digital services to the federal and the private sectors.",11-50,IT Services and IT Consulting,"Dallas, Texas",17K
485,Copper Digital,Accelerating Growth & Innovation | Driving your Digital Transformation,51-200,IT Services and IT Consulting,"Dallas, Texas",16K
486,RomAnalytics,"Making talent acquisition smarter with the right network, knowledge and foundations in insights and analytics",2-10,Staffing and Recruiting,"Collegeville, PA",17K
487,GyanSys Inc.,,1K-5K,IT Services and IT Consulting,"Carmel, Indiana",185K
488,605 | an iSpot company,Delivering the Most Advanced TV Viewership Insights and Industry Expertise.,51-200,Advertising Services,"New York , New York",14K
